smiles1_tokens,smiles2_tokens,org1_tokens,org2_tokens,genes1_tokens,genes2_tokens,total_tokens
52.0,45.0,1.0,1.0,59,21,179
47.0,62.0,1.0,1.0,2,3,116
23.0,26.0,1.0,25.0,17,18,110
34.0,25.0,1.0,1.0,3,3,67
30.0,45.0,7.0,1.0,1,11,95
31.0,53.0,1.0,1.0,2,2,90
36.0,25.0,1.0,1.0,13,3,79
40.0,,1.0,1.0,85,44,171
37.0,27.0,1.0,1.0,3,86,155
25.0,35.0,1.0,1.0,58,64,184
53.0,34.0,1.0,1.0,9,9,107
54.0,4.0,15.0,1.0,4,4,82
22.0,7.0,1.0,10.0,7,7,54
23.0,27.0,1.0,1.0,107,2,161
41.0,57.0,7.0,1.0,9,9,124
59.0,,1.0,1.0,2,2,65
33.0,62.0,1.0,1.0,19,8,124
29.0,38.0,10.0,1.0,2,2,82
38.0,21.0,1.0,1.0,5,3,69
9.0,74.0,1.0,1.0,11,4,100
21.0,25.0,1.0,1.0,7,7,62
62.0,22.0,1.0,1.0,7,156,249
45.0,36.0,1.0,1.0,3,3,89
14.0,38.0,1.0,1.0,33,50,137
49.0,23.0,1.0,1.0,26,3,103
44.0,,1.0,1.0,3,9,58
41.0,21.0,1.0,1.0,3,4,71
56.0,25.0,1.0,1.0,87,34,204
16.0,9.0,1.0,1.0,3,3,33
64.0,47.0,1.0,1.0,2,4,119
61.0,66.0,10.0,1.0,3,3,144
47.0,46.0,3.0,1.0,2,6,105
,,1.0,1.0,4,2,8
27.0,113.0,1.0,10.0,3,6,160
60.0,56.0,1.0,1.0,40,7,165
30.0,43.0,1.0,1.0,4,96,175
56.0,47.0,1.0,1.0,87,15,207
85.0,,1.0,1.0,3,11,101
16.0,41.0,7.0,1.0,3,2,70
38.0,30.0,1.0,1.0,5,5,80
26.0,24.0,1.0,30.0,5,6,92
58.0,21.0,1.0,1.0,7,26,114
58.0,60.0,1.0,1.0,7,3,130
,14.0,1.0,7.0,2,3,27
51.0,29.0,1.0,1.0,3,3,88
36.0,42.0,1.0,1.0,2,6,88
42.0,44.0,6.0,17.0,4,5,118
45.0,26.0,1.0,1.0,19,21,113
9.0,41.0,1.0,1.0,7,3,62
41.0,49.0,1.0,1.0,181,2,275
80.0,,6.0,8.0,2,2,98
43.0,41.0,1.0,7.0,3,9,104
,36.0,1.0,1.0,9,1,48
27.0,31.0,11.0,1.0,3,9,82
73.0,32.0,1.0,1.0,14,85,206
68.0,39.0,5.0,1.0,3,23,139
17.0,34.0,1.0,1.0,7,3,63
,40.0,1.0,1.0,14,3,59
44.0,14.0,7.0,2.0,4,17,88
44.0,39.0,1.0,1.0,9,22,116
,179.0,1.0,1.0,11,10,202
2.0,58.0,1.0,1.0,242,1,305
21.0,15.0,1.0,6.0,16,7,66
12.0,38.0,10.0,1.0,2,7,70
83.0,10.0,1.0,1.0,12,2,109
44.0,19.0,1.0,1.0,10,8,83
72.0,50.0,1.0,1.0,3,32,159
34.0,71.0,1.0,1.0,7,2,116
74.0,66.0,1.0,1.0,3,11,156
16.0,34.0,1.0,1.0,2,5,59
105.0,36.0,1.0,1.0,3,28,174
15.0,5.0,6.0,1.0,7,1,35
36.0,64.0,1.0,1.0,1,1,104
34.0,62.0,4.0,9.0,1,3,113
88.0,34.0,,1.0,3,7,133
31.0,19.0,8.0,1.0,4,4,67
24.0,23.0,1.0,1.0,75,16,140
60.0,31.0,1.0,1.0,6,6,105
,48.0,1.0,,14,8,71
56.0,136.0,1.0,1.0,3,10,207
64.0,35.0,1.0,35.0,3,2,140
3.0,57.0,1.0,1.0,8,2,72
45.0,19.0,1.0,1.0,1,3,70
26.0,33.0,1.0,1.0,5,11,77
37.0,356.0,1.0,1.0,3,12,410
77.0,130.0,1.0,1.0,3,7,219
33.0,60.0,1.0,1.0,148,11,254
12.0,54.0,10.0,1.0,5,10,92
31.0,,1.0,1.0,3,7,43
49.0,,1.0,1.0,14,11,76
20.0,27.0,1.0,9.0,47,10,114
585.0,9.0,1.0,1.0,7,39,642
37.0,53.0,1.0,8.0,4,16,119
39.0,22.0,1.0,1.0,13,156,232
18.0,43.0,1.0,1.0,107,2,172
55.0,34.0,1.0,1.0,78,16,185
35.0,44.0,1.0,1.0,3,7,91
31.0,24.0,1.0,1.0,11,75,143
62.0,49.0,1.0,10.0,7,3,132
20.0,39.0,1.0,1.0,14,7,82
37.0,19.0,1.0,1.0,10,6,74
94.0,67.0,1.0,1.0,3,4,170
6.0,9.0,6.0,1.0,153,2,177
53.0,13.0,1.0,,3,7,77
24.0,28.0,1.0,1.0,17,29,100
32.0,46.0,1.0,1.0,7,2,89
28.0,2.0,1.0,1.0,4,5,41
48.0,19.0,1.0,1.0,7,2,78
25.0,21.0,1.0,1.0,58,77,183
31.0,62.0,1.0,1.0,7,6,108
21.0,24.0,1.0,1.0,15,17,79
14.0,25.0,1.0,1.0,41,3,85
23.0,17.0,1.0,1.0,33,14,89
,64.0,1.0,1.0,2,26,94
19.0,,4.0,1.0,1,7,32
51.0,54.0,1.0,1.0,1,3,111
17.0,20.0,1.0,1.0,3,2,44
27.0,148.0,1.0,2.0,9,3,190
47.0,373.0,1.0,1.0,3,138,563
99.0,32.0,1.0,1.0,2,29,164
23.0,35.0,1.0,1.0,4,34,98
22.0,25.0,1.0,1.0,3,3,55
55.0,12.0,1.0,7.0,3,1,79
59.0,,1.0,1.0,2,8,71
40.0,51.0,1.0,1.0,3,2,98
27.0,38.0,1.0,1.0,11,116,194
23.0,23.0,1.0,1.0,11,4,63
4.0,114.0,1.0,1.0,3,8,131
6.0,29.0,1.0,1.0,16,9,62
37.0,38.0,1.0,1.0,3,8,88
9.0,88.0,1.0,5.0,6,3,112
37.0,9.0,1.0,7.0,2,2,58
49.0,53.0,1.0,1.0,3,25,132
10.0,38.0,1.0,1.0,362,14,426
45.0,23.0,1.0,1.0,8,17,95
6.0,20.0,1.0,1.0,29,97,154
39.0,,1.0,1.0,6,6,53
3.0,48.0,1.0,1.0,16,23,92
37.0,36.0,1.0,1.0,136,7,218
33.0,44.0,1.0,1.0,5,8,92
101.0,52.0,10.0,1.0,9,15,188
27.0,30.0,1.0,1.0,7,116,182
28.0,14.0,1.0,6.0,29,32,110
64.0,46.0,10.0,1.0,45,16,182
44.0,40.0,1.0,1.0,10,3,99
30.0,38.0,1.0,1.0,1,4,75
32.0,36.0,7.0,1.0,25,3,104
23.0,40.0,1.0,1.0,20,2,87
22.0,,1.0,1.0,2,2,28
66.0,47.0,1.0,1.0,20,4,139
62.0,23.0,1.0,1.0,7,107,201
20.0,65.0,1.0,1.0,35,4,126
33.0,7.0,1.0,13.0,11,1,66
43.0,4.0,10.0,1.0,3,3,64
11.0,48.0,1.0,1.0,44,1,106
50.0,33.0,10.0,1.0,2,7,103
42.0,152.0,1.0,1.0,3,7,206
586.0,23.0,1.0,12.0,7,3,632
74.0,50.0,7.0,10.0,1,11,153
7.0,24.0,1.0,1.0,19,29,81
591.0,20.0,1.0,1.0,7,14,634
93.0,38.0,1.0,7.0,4,7,150
50.0,,1.0,1.0,10,2,64
47.0,22.0,1.0,1.0,6,11,88
16.0,9.0,1.0,1.0,11,16,54
23.0,25.0,12.0,1.0,2,4,67
,,1.0,1.0,7,3,12
54.0,51.0,7.0,1.0,1,6,120
92.0,40.0,1.0,1.0,9,85,228
40.0,42.0,1.0,1.0,1,3,88
160.0,34.0,1.0,1.0,3,2,201
32.0,,1.0,1.0,3,45,82
27.0,27.0,1.0,1.0,12,19,87
32.0,18.0,35.0,1.0,2,23,111
12.0,18.0,1.0,6.0,13,2,52
50.0,43.0,1.0,1.0,10,2,107
38.0,88.0,1.0,7.0,9,1,144
45.0,23.0,1.0,1.0,19,26,115
51.0,36.0,1.0,1.0,2,66,157
32.0,25.0,1.0,34.0,3,1,96
49.0,17.0,1.0,1.0,8,7,83
90.0,35.0,1.0,1.0,60,14,201
16.0,46.0,1.0,19.0,4,42,128
25.0,48.0,1.0,1.0,30,91,196
55.0,153.0,1.0,1.0,42,2,254
37.0,37.0,1.0,1.0,4,2,82
78.0,26.0,1.0,1.0,17,37,160
54.0,69.0,1.0,1.0,205,11,341
25.0,15.0,1.0,1.0,17,19,78
67.0,47.0,6.0,1.0,3,4,128
46.0,51.0,1.0,1.0,3,1,103
36.0,36.0,1.0,1.0,13,176,263
66.0,46.0,1.0,6.0,4,2,125
65.0,15.0,1.0,1.0,3,16,101
43.0,55.0,1.0,1.0,11,58,169
27.0,51.0,1.0,10.0,17,3,109
77.0,35.0,,1.0,3,64,180
54.0,50.0,24.0,1.0,1,19,149
40.0,64.0,1.0,7.0,68,2,182
47.0,49.0,1.0,1.0,3,3,104
29.0,52.0,1.0,1.0,3,2,88
140.0,39.0,1.0,1.0,4,23,208
64.0,61.0,23.0,10.0,1,5,164
20.0,20.0,1.0,1.0,14,28,84
34.0,25.0,1.0,1.0,6,3,70
45.0,38.0,6.0,1.0,3,1,94
5.0,9.0,10.0,1.0,1,6,32
34.0,33.0,8.0,10.0,3,2,90
9.0,21.0,1.0,1.0,2,77,111
15.0,5.0,34.0,1.0,1,4,60
63.0,35.0,10.0,1.0,2,3,114
12.0,40.0,1.0,1.0,7,2,63
23.0,47.0,9.0,1.0,73,3,156
32.0,22.0,1.0,1.0,9,9,74
46.0,66.0,19.0,1.0,42,3,177
49.0,114.0,1.0,1.0,3,8,176
37.0,39.0,1.0,1.0,7,3,88
,22.0,1.0,1.0,10,4,38
36.0,117.0,1.0,6.0,42,3,205
54.0,53.0,1.0,1.0,2,25,136
32.0,84.0,1.0,1.0,3,14,135
22.0,60.0,1.0,1.0,3,3,90
74.0,45.0,7.0,1.0,1,19,147
41.0,22.0,1.0,5.0,3,1,73
5.0,20.0,10.0,1.0,19,97,152
,49.0,1.0,1.0,3,2,56
59.0,36.0,1.0,1.0,4,7,108
34.0,46.0,1.0,1.0,4,7,93
30.0,69.0,1.0,1.0,11,4,116
30.0,28.0,1.0,1.0,7,58,125
51.0,25.0,1.0,1.0,14,50,142
45.0,40.0,1.0,1.0,3,17,107
64.0,40.0,1.0,1.0,9,3,118
68.0,106.0,1.0,15.0,8,275,473
40.0,17.0,1.0,1.0,3,5,67
34.0,29.0,1.0,1.0,2,3,70
45.0,38.0,7.0,10.0,4,6,110
29.0,46.0,1.0,1.0,11,43,131
5.0,31.0,1.0,26.0,3,1,67
17.0,,1.0,1.0,3,28,50
20.0,43.0,1.0,6.0,2,2,74
373.0,50.0,1.0,1.0,138,3,566
37.0,22.0,1.0,1.0,3,14,78
49.0,39.0,1.0,1.0,16,6,112
20.0,42.0,33.0,1.0,3,5,104
22.0,94.0,1.0,1.0,55,51,224
23.0,9.0,1.0,1.0,2,11,47
43.0,19.0,1.0,1.0,2,7,73
33.0,25.0,1.0,1.0,30,3,93
21.0,116.0,1.0,1.0,57,9,205
15.0,60.0,29.0,1.0,2,6,113
91.0,27.0,8.0,11.0,3,3,143
,45.0,1.0,1.0,8,6,61
33.0,37.0,1.0,1.0,1,2,75
,25.0,1.0,1.0,7,7,41
43.0,26.0,1.0,1.0,96,111,278
21.0,21.0,5.0,1.0,3,3,54
39.0,115.0,1.0,5.0,1,2,163
26.0,34.0,1.0,7.0,8,13,89
33.0,70.0,1.0,1.0,7,2,114
15.0,52.0,1.0,1.0,3,2,74
53.0,34.0,1.0,7.0,5,13,113
54.0,22.0,1.0,1.0,20,112,210
16.0,31.0,1.0,1.0,6,6,61
45.0,51.0,1.0,1.0,76,2,176
,44.0,1.0,1.0,2,24,72
15.0,58.0,29.0,1.0,2,46,151
43.0,26.0,11.0,1.0,3,5,89
42.0,46.0,1.0,7.0,7,1,104
32.0,53.0,1.0,1.0,3,19,109
35.0,21.0,1.0,1.0,313,26,397
47.0,26.0,1.0,1.0,3,5,83
39.0,8.0,1.0,,12,3,63
53.0,19.0,1.0,1.0,2,7,83
42.0,29.0,1.0,1.0,3,111,187
24.0,,1.0,1.0,75,170,271
15.0,42.0,1.0,1.0,141,6,206
45.0,,1.0,1.0,2,4,53
25.0,25.0,26.0,2.0,5,8,91
30.0,19.0,13.0,24.0,3,7,96
10.0,5.0,1.0,7.0,3,2,28
56.0,99.0,16.0,1.0,3,3,178
19.0,17.0,1.0,5.0,7,8,57
41.0,30.0,1.0,1.0,7,7,87
23.0,29.0,1.0,1.0,16,4,74
41.0,26.0,7.0,1.0,9,6,90
40.0,55.0,1.0,1.0,85,8,190
3.0,12.0,1.0,30.0,5,5,56
15.0,,1.0,1.0,5,35,57
28.0,47.0,1.0,11.0,2,2,91
43.0,53.0,1.0,6.0,3,3,109
16.0,20.0,1.0,1.0,7,6,51
39.0,66.0,1.0,1.0,23,68,198
21.0,14.0,11.0,10.0,12,3,71
36.0,17.0,1.0,1.0,9,13,77
24.0,21.0,1.0,1.0,4,3,54
35.0,127.0,19.0,1.0,3,3,188
18.0,94.0,1.0,1.0,49,51,214
39.0,24.0,1.0,30.0,14,6,114
115.0,,5.0,1.0,2,5,128
28.0,46.0,1.0,19.0,4,42,140
51.0,9.0,1.0,24.0,3,2,90
27.0,53.0,9.0,1.0,10,2,102
5.0,54.0,10.0,1.0,1,2,73
23.0,41.0,1.0,7.0,3,9,84
28.0,610.0,1.0,1.0,10,7,657
34.0,16.0,10.0,21.0,12,2,95
21.0,30.0,5.0,1.0,1,7,65
49.0,61.0,1.0,1.0,9,76,197
49.0,54.0,1.0,1.0,9,2,116
25.0,17.0,,6.0,1,8,57
99.0,41.0,1.0,1.0,7,3,152
21.0,44.0,1.0,1.0,26,6,99
32.0,7.0,1.0,1.0,4,3,48
52.0,15.0,1.0,10.0,3,2,83
65.0,29.0,1.0,1.0,2,23,121
35.0,,10.0,1.0,2,3,51
65.0,26.0,10.0,1.0,3,4,109
45.0,27.0,1.0,11.0,39,3,126
40.0,45.0,1.0,1.0,7,3,97
46.0,38.0,7.0,1.0,1,199,292
66.0,,10.0,12.0,2,8,98
116.0,46.0,1.0,19.0,11,42,235
55.0,10.0,1.0,1.0,4,3,74
22.0,50.0,1.0,1.0,3,3,80
40.0,74.0,1.0,1.0,29,4,149
8.0,27.0,9.0,1.0,5,4,54
43.0,23.0,1.0,1.0,1,7,76
46.0,42.0,34.0,1.0,1,4,128
28.0,42.0,1.0,1.0,3,7,82
,37.0,1.0,1.0,3,3,45
39.0,14.0,1.0,1.0,3,3,61
,51.0,1.0,1.0,3,3,59
48.0,66.0,1.0,1.0,7,22,145
45.0,56.0,1.0,1.0,2,3,108
60.0,42.0,1.0,1.0,6,7,117
,28.0,1.0,1.0,3,11,44
,77.0,1.0,1.0,5,7,91
42.0,38.0,8.0,9.0,7,22,126
144.0,103.0,1.0,1.0,5,3,257
12.0,,5.0,1.0,2,3,23
34.0,,1.0,1.0,9,3,48
78.0,62.0,1.0,1.0,4,2,148
74.0,5.0,1.0,10.0,4,6,100
42.0,41.0,1.0,10.0,12,2,108
30.0,18.0,7.0,1.0,37,2,95
60.0,49.0,1.0,1.0,8,5,124
49.0,22.0,1.0,53.0,46,2,173
46.0,31.0,1.0,30.0,1,11,120
125.0,45.0,1.0,1.0,22,3,197
51.0,47.0,1.0,8.0,2,3,112
83.0,37.0,1.0,1.0,11,7,140
47.0,54.0,16.0,7.0,7,1,132
9.0,24.0,24.0,1.0,21,2,81
41.0,19.0,1.0,1.0,1,24,87
76.0,60.0,1.0,1.0,3,2,143
34.0,45.0,1.0,1.0,2,2,85
48.0,27.0,24.0,1.0,47,5,152
,67.0,1.0,10.0,7,2,87
42.0,12.0,1.0,1.0,3,2,61
,44.0,1.0,1.0,6,10,62
22.0,117.0,1.0,1.0,112,8,261
31.0,47.0,1.0,1.0,19,15,114
7.0,13.0,1.0,1.0,2,169,193
47.0,23.0,1.0,1.0,3,7,82
49.0,77.0,10.0,1.0,15,7,159
110.0,56.0,1.0,16.0,3,6,192
48.0,22.0,,1.0,8,21,100
52.0,28.0,10.0,10.0,1,2,103
62.0,136.0,7.0,1.0,1,10,217
19.0,66.0,1.0,1.0,11,68,166
66.0,28.0,1.0,1.0,11,4,111
26.0,31.0,,26.0,3,1,87
40.0,59.0,1.0,10.0,19,3,132
58.0,116.0,1.0,1.0,7,10,193
52.0,30.0,1.0,1.0,34,9,127
85.0,25.0,1.0,1.0,3,34,149
22.0,20.0,1.0,24.0,55,1,123
42.0,41.0,1.0,1.0,7,181,273
20.0,52.0,7.0,1.0,7,1,88
12.0,34.0,1.0,1.0,146,12,206
14.0,48.0,1.0,1.0,33,5,102
148.0,3.0,1.0,20.0,5,20,197
25.0,,1.0,6.0,8,1,41
44.0,84.0,1.0,1.0,4,2,136
78.0,52.0,10.0,1.0,26,59,226
34.0,57.0,1.0,1.0,28,99,220
18.0,25.0,1.0,1.0,3,17,65
37.0,30.0,,7.0,7,2,83
39.0,16.0,1.0,1.0,22,4,83
471.0,42.0,1.0,1.0,4,3,522
32.0,18.0,1.0,1.0,17,49,118
115.0,25.0,1.0,6.0,10,8,165
62.0,172.0,1.0,1.0,7,13,256
37.0,51.0,1.0,1.0,7,8,105
21.0,46.0,1.0,1.0,12,2,83
117.0,5.0,1.0,1.0,8,1,133
23.0,143.0,5.0,1.0,1,3,176
62.0,26.0,1.0,1.0,3,7,100
40.0,9.0,1.0,1.0,6,2,59
73.0,41.0,13.0,1.0,7,3,138
46.0,33.0,1.0,1.0,3,3,87
8.0,42.0,1.0,7.0,2,23,83
33.0,29.0,1.0,1.0,19,12,95
12.0,34.0,1.0,1.0,5,3,56
37.0,74.0,1.0,1.0,3,3,119
55.0,48.0,1.0,1.0,7,7,119
50.0,,10.0,1.0,3,2,66
52.0,21.0,1.0,1.0,3,23,101
35.0,45.0,1.0,1.0,5,12,99
38.0,30.0,1.0,5.0,8,8,90
24.0,19.0,1.0,1.0,82,5,132
15.0,47.0,1.0,1.0,128,3,195
21.0,66.0,5.0,1.0,6,2,101
27.0,17.0,6.0,10.0,3,4,67
24.0,23.0,10.0,1.0,2,12,72
30.0,32.0,1.0,1.0,5,19,88
31.0,27.0,24.0,1.0,7,2,92
79.0,29.0,10.0,1.0,24,3,146
23.0,32.0,10.0,1.0,2,3,71
49.0,18.0,1.0,1.0,3,146,218
12.0,12.0,1.0,1.0,3,4,33
16.0,69.0,1.0,1.0,40,20,147
17.0,41.0,1.0,10.0,17,2,88
19.0,26.0,1.0,1.0,4,26,77
31.0,47.0,1.0,1.0,111,17,208
26.0,11.0,1.0,6.0,12,4,60
34.0,84.0,1.0,1.0,80,14,214
32.0,,1.0,1.0,15,2,51
18.0,10.0,1.0,1.0,5,5,40
,36.0,1.0,1.0,17,5,60
36.0,37.0,1.0,1.0,3,52,130
18.0,21.0,1.0,1.0,23,9,73
18.0,25.0,1.0,1.0,13,10,68
34.0,52.0,1.0,1.0,3,2,93
39.0,33.0,1.0,26.0,3,1,103
50.0,7.0,1.0,1.0,10,2,71
95.0,35.0,1.0,1.0,2,96,230
61.0,39.0,1.0,1.0,1,3,106
28.0,21.0,1.0,2.0,19,4,75
169.0,64.0,1.0,1.0,16,7,258
,21.0,1.0,1.0,4,49,76
133.0,54.0,1.0,1.0,20,29,238
15.0,49.0,1.0,1.0,2,26,94
72.0,14.0,10.0,2.0,10,6,114
,77.0,1.0,1.0,7,5,91
27.0,20.0,1.0,1.0,86,14,149
36.0,15.0,1.0,1.0,3,7,63
32.0,48.0,1.0,1.0,5,3,90
64.0,39.0,1.0,1.0,19,7,131
66.0,39.0,1.0,6.0,3,5,120
6.0,36.0,1.0,1.0,29,7,80
,49.0,1.0,1.0,4,3,58
41.0,,1.0,1.0,3,13,59
9.0,38.0,1.0,1.0,65,8,122
88.0,50.0,7.0,1.0,1,3,150
53.0,28.0,1.0,1.0,49,89,221
45.0,126.0,1.0,1.0,25,3,201
62.0,35.0,1.0,1.0,2,7,108
7.0,52.0,1.0,6.0,2,24,92
55.0,44.0,1.0,1.0,19,2,122
36.0,53.0,1.0,1.0,2,6,99
60.0,27.0,1.0,1.0,7,2,98
54.0,,1.0,1.0,5,2,63
5.0,65.0,1.0,1.0,2,60,134
45.0,,1.0,1.0,76,4,127
55.0,25.0,1.0,1.0,1,27,110
49.0,55.0,1.0,1.0,4,7,117
35.0,35.0,1.0,1.0,7,26,105
,22.0,1.0,1.0,2,11,37
44.0,19.0,6.0,10.0,5,3,87
94.0,104.0,1.0,10.0,51,3,263
20.0,65.0,6.0,1.0,5,20,117
27.0,53.0,1.0,1.0,7,3,92
20.0,32.0,1.0,1.0,5,10,69
41.0,29.0,24.0,1.0,6,3,104
29.0,471.0,1.0,1.0,4,4,510
56.0,38.0,16.0,1.0,6,15,132
36.0,67.0,1.0,1.0,22,6,133
,77.0,1.0,1.0,11,1,91
35.0,33.0,1.0,1.0,2,4,76
66.0,67.0,1.0,1.0,4,3,142
34.0,47.0,1.0,1.0,2,4,89
16.0,35.0,1.0,1.0,51,5,109
56.0,42.0,1.0,1.0,2,3,105
74.0,39.0,1.0,1.0,4,50,169
42.0,80.0,1.0,1.0,2,4,130
,55.0,1.0,1.0,3,78,138
40.0,,1.0,1.0,19,2,63
20.0,237.0,1.0,1.0,28,3,290
48.0,119.0,1.0,1.0,11,13,193
40.0,6.0,1.0,10.0,15,70,142
72.0,33.0,1.0,1.0,13,3,123
18.0,37.0,1.0,1.0,5,3,65
40.0,54.0,1.0,1.0,4,1,101
39.0,2.0,1.0,1.0,2,5,50
43.0,12.0,1.0,1.0,6,146,209
33.0,,1.0,1.0,11,9,55
32.0,,1.0,1.0,31,4,69
32.0,210.0,1.0,1.0,31,7,282
88.0,,1.0,1.0,11,13,114
50.0,38.0,1.0,1.0,9,116,215
40.0,14.0,1.0,1.0,2,33,91
41.0,31.0,1.0,1.0,8,6,88
36.0,17.0,1.0,1.0,26,124,205
26.0,73.0,1.0,1.0,111,4,216
50.0,29.0,1.0,1.0,7,69,157
62.0,35.0,10.0,1.0,1,3,112
68.0,19.0,1.0,1.0,8,37,134
41.0,25.0,1.0,1.0,4,2,74
,40.0,1.0,1.0,12,7,61
32.0,119.0,1.0,1.0,31,13,197
16.0,17.0,1.0,1.0,4,4,43
28.0,,1.0,1.0,17,22,69
45.0,65.0,1.0,1.0,1,20,133
3.0,29.0,1.0,1.0,16,4,54
72.0,21.0,5.0,1.0,13,7,119
27.0,59.0,1.0,1.0,86,7,181
51.0,62.0,1.0,6.0,1,20,141
10.0,5.0,1.0,1.0,24,3,44
59.0,48.0,10.0,1.0,12,10,140
34.0,17.0,1.0,1.0,2,29,84
34.0,21.0,1.0,1.0,18,1,76
23.0,35.0,1.0,1.0,2,7,69
33.0,6.0,1.0,1.0,3,15,59
60.0,148.0,1.0,1.0,16,5,231
75.0,17.0,7.0,6.0,20,8,133
66.0,28.0,1.0,1.0,4,148,248
64.0,23.0,1.0,1.0,19,13,121
7.0,20.0,10.0,1.0,3,3,44
30.0,18.0,7.0,1.0,1,3,60
70.0,60.0,1.0,1.0,130,2,264
31.0,37.0,1.0,1.0,3,7,80
9.0,22.0,11.0,1.0,3,5,51
46.0,37.0,1.0,1.0,3,6,94
20.0,19.0,1.0,1.0,28,4,73
33.0,21.0,1.0,1.0,11,16,83
256.0,71.0,1.0,1.0,3,2,334
53.0,46.0,1.0,1.0,7,2,110
47.0,56.0,26.0,1.0,2,87,219
15.0,4.0,1.0,7.0,2,7,36
28.0,25.0,1.0,1.0,11,58,124
26.0,13.0,10.0,9.0,2,2,62
61.0,92.0,1.0,1.0,76,7,238
28.0,61.0,1.0,1.0,13,5,109
30.0,29.0,1.0,1.0,116,4,181
139.0,,1.0,1.0,3,15,159
,43.0,1.0,1.0,2,3,50
35.0,36.0,1.0,1.0,3,5,81
45.0,,1.0,1.0,25,3,75
72.0,27.0,7.0,1.0,15,11,133
43.0,23.0,1.0,24.0,3,7,101
77.0,3.0,5.0,1.0,7,70,163
78.0,45.0,1.0,1.0,3,2,130
27.0,29.0,9.0,1.0,10,9,85
30.0,37.0,1.0,1.0,22,21,112
47.0,197.0,6.0,1.0,2,3,256
30.0,21.0,1.0,1.0,2,3,58
64.0,41.0,1.0,1.0,14,3,124
41.0,40.0,1.0,1.0,4,46,133
43.0,37.0,1.0,1.0,3,2,87
89.0,14.0,10.0,1.0,2,14,130
34.0,24.0,1.0,1.0,4,3,67
37.0,35.0,1.0,1.0,5,3,82
47.0,79.0,1.0,10.0,2,24,163
14.0,3.0,2.0,1.0,6,5,31
31.0,13.0,1.0,1.0,2,77,125
84.0,68.0,7.0,1.0,1,2,163
35.0,26.0,1.0,,111,3,176
77.0,22.0,1.0,1.0,1,19,121
,28.0,1.0,26.0,9,1,65
49.0,9.0,1.0,1.0,1,39,100
34.0,144.0,1.0,1.0,43,5,228
121.0,25.0,5.0,1.0,5,14,171
,,1.0,1.0,8,4,14
39.0,28.0,1.0,1.0,12,5,86
119.0,16.0,1.0,1.0,13,11,161
50.0,23.0,1.0,17.0,19,2,112
36.0,55.0,1.0,1.0,2,3,98
35.0,25.0,7.0,1.0,37,4,109
42.0,37.0,6.0,1.0,8,3,97
35.0,51.0,1.0,1.0,29,1,118
27.0,38.0,1.0,1.0,3,7,77
72.0,47.0,1.0,1.0,3,6,130
22.0,121.0,1.0,5.0,10,5,164
32.0,53.0,1.0,1.0,111,9,207
33.0,22.0,1.0,1.0,111,19,187
60.0,39.0,1.0,1.0,6,17,124
37.0,49.0,1.0,1.0,10,10,108
43.0,55.0,1.0,1.0,127,4,231
63.0,16.0,1.0,1.0,6,10,97
49.0,11.0,1.0,9.0,61,2,133
69.0,26.0,1.0,1.0,4,37,138
17.0,48.0,1.0,1.0,16,2,85
21.0,37.0,34.0,1.0,1,2,96
62.0,28.0,1.0,1.0,4,12,108
149.0,35.0,1.0,1.0,4,2,192
,51.0,1.0,11.0,3,3,69
87.0,28.0,1.0,1.0,5,12,134
79.0,36.0,1.0,1.0,4,2,123
21.0,19.0,1.0,10.0,3,8,62
18.0,22.0,1.0,1.0,8,7,57
73.0,88.0,1.0,1.0,192,118,473
,37.0,1.0,,9,3,50
,,1.0,1.0,4,2,8
34.0,68.0,1.0,1.0,3,85,192
20.0,42.0,1.0,6.0,67,4,140
54.0,44.0,1.0,1.0,21,8,129
35.0,22.0,1.0,1.0,111,26,196
,,6.0,1.0,1,9,17
46.0,54.0,1.0,1.0,2,29,133
36.0,24.0,1.0,1.0,3,7,72
29.0,57.0,1.0,7.0,3,1,98
40.0,46.0,1.0,1.0,3,3,94
18.0,36.0,1.0,1.0,49,10,115
15.0,38.0,1.0,1.0,3,3,61
15.0,40.0,1.0,1.0,2,85,144
26.0,53.0,12.0,1.0,3,3,98
47.0,58.0,1.0,1.0,3,6,116
,26.0,13.0,1.0,1,28,69
50.0,,10.0,1.0,8,7,76
41.0,60.0,1.0,7.0,4,11,124
18.0,18.0,1.0,1.0,3,3,44
35.0,39.0,1.0,1.0,74,22,172
51.0,56.0,1.0,1.0,38,7,154
23.0,53.0,1.0,7.0,20,3,107
22.0,64.0,1.0,1.0,7,14,109
20.0,22.0,1.0,10.0,90,1,144
28.0,24.0,1.0,1.0,10,7,71
43.0,22.0,1.0,1.0,3,21,91
35.0,15.0,1.0,1.0,7,2,61
46.0,34.0,1.0,1.0,43,7,132
20.0,32.0,1.0,1.0,97,10,161
49.0,148.0,1.0,2.0,7,3,210
26.0,23.0,1.0,6.0,2,2,60
26.0,37.0,1.0,1.0,3,10,78
5.0,38.0,1.0,1.0,58,7,110
10.0,115.0,10.0,1.0,20,10,166
21.0,99.0,1.0,1.0,9,3,134
60.0,23.0,1.0,1.0,16,15,116
14.0,14.0,2.0,1.0,6,5,42
22.0,69.0,1.0,1.0,156,4,253
43.0,15.0,6.0,1.0,2,141,208
38.0,58.0,10.0,1.0,2,12,121
21.0,34.0,5.0,10.0,6,2,78
31.0,,1.0,1.0,6,4,43
30.0,35.0,2.0,1.0,3,54,125
17.0,53.0,1.0,1.0,4,46,122
25.0,27.0,1.0,1.0,4,11,69
29.0,,,1.0,5,7,42
43.0,22.0,1.0,1.0,3,112,182
,37.0,1.0,1.0,2,14,55
37.0,31.0,1.0,,2,3,74
32.0,43.0,1.0,1.0,5,3,85
34.0,21.0,1.0,5.0,11,6,78
9.0,,15.0,1.0,3,3,31
31.0,66.0,1.0,1.0,62,70,231
27.0,,5.0,1.0,10,11,54
32.0,57.0,4.0,1.0,1,1,96
12.0,90.0,10.0,1.0,2,3,118
40.0,28.0,1.0,1.0,6,2,78
73.0,71.0,1.0,1.0,4,16,166
26.0,39.0,1.0,1.0,7,13,87
55.0,32.0,1.0,1.0,5,15,109
49.0,62.0,10.0,1.0,3,2,127
35.0,44.0,1.0,1.0,2,3,86
18.0,69.0,1.0,10.0,3,3,104
37.0,45.0,1.0,1.0,3,2,89
41.0,25.0,1.0,1.0,3,4,75
71.0,53.0,10.0,1.0,10,5,150
74.0,47.0,7.0,1.0,1,16,146
52.0,52.0,10.0,1.0,1,2,118
15.0,34.0,1.0,1.0,4,43,98
45.0,54.0,1.0,1.0,42,3,146
19.0,56.0,1.0,1.0,465,4,546
5.0,21.0,1.0,1.0,4,9,41
38.0,112.0,1.0,1.0,8,3,163
27.0,13.0,1.0,1.0,4,3,49
47.0,84.0,1.0,1.0,19,14,166
52.0,40.0,1.0,1.0,34,22,150
16.0,588.0,1.0,1.0,2,7,615
79.0,53.0,1.0,1.0,20,49,203
42.0,32.0,1.0,1.0,2,3,81
48.0,34.0,1.0,1.0,14,2,100
16.0,45.0,1.0,1.0,4,3,70
32.0,35.0,1.0,1.0,111,7,187
41.0,47.0,1.0,1.0,22,14,126
18.0,24.0,1.0,1.0,5,75,124
45.0,32.0,1.0,4.0,26,3,111
21.0,45.0,26.0,1.0,5,8,106
,26.0,1.0,6.0,2,6,41
35.0,26.0,1.0,1.0,111,38,212
7.0,13.0,1.0,10.0,19,2,52
35.0,32.0,1.0,1.0,6,7,82
45.0,52.0,1.0,1.0,12,5,116
127.0,48.0,1.0,1.0,3,4,184
64.0,20.0,1.0,8.0,5,3,101
46.0,31.0,1.0,1.0,2,62,143
42.0,67.0,10.0,1.0,3,2,125
39.0,24.0,1.0,1.0,3,7,75
81.0,35.0,1.0,6.0,3,2,128
13.0,37.0,34.0,1.0,13,2,100
39.0,19.0,6.0,10.0,1,5,80
29.0,14.0,1.0,2.0,23,6,75
28.0,73.0,1.0,,11,3,116
47.0,26.0,1.0,1.0,15,28,118
16.0,72.0,6.0,1.0,23,13,131
43.0,32.0,1.0,1.0,3,3,83
336.0,39.0,1.0,1.0,4,3,384
93.0,20.0,1.0,8.0,3,3,128
,29.0,1.0,10.0,2,7,49
67.0,14.0,1.0,6.0,3,19,110
64.0,32.0,1.0,1.0,2,3,103
21.0,22.0,1.0,15.0,53,1,113
123.0,10.0,1.0,1.0,3,2,140
88.0,29.0,1.0,1.0,118,7,244
66.0,75.0,7.0,1.0,1,3,153
143.0,19.0,1.0,10.0,3,3,179
32.0,89.0,1.0,,111,3,236
85.0,73.0,1.0,8.0,3,3,173
49.0,63.0,1.0,4.0,10,1,128
57.0,38.0,1.0,,3,3,102
37.0,30.0,1.0,1.0,52,11,132
27.0,33.0,1.0,1.0,2,83,147
25.0,10.0,6.0,5.0,8,3,57
,40.0,1.0,13.0,7,3,64
76.0,53.0,25.0,1.0,3,46,204
59.0,37.0,10.0,1.0,3,12,122
,108.0,1.0,1.0,2,4,116
49.0,28.0,1.0,1.0,16,51,146
38.0,73.0,1.0,8.0,116,3,239
43.0,34.0,1.0,1.0,2,3,84
62.0,40.0,9.0,1.0,3,15,130
17.0,36.0,1.0,1.0,2,3,60
32.0,90.0,1.0,1.0,7,4,135
35.0,18.0,1.0,7.0,3,3,67
46.0,34.0,16.0,1.0,3,3,103
66.0,18.0,1.0,1.0,68,2,156
52.0,55.0,1.0,1.0,4,3,116
12.0,42.0,2.0,1.0,3,1,61
45.0,40.0,1.0,1.0,8,1,96
33.0,43.0,1.0,1.0,11,38,127
43.0,41.0,11.0,1.0,12,6,114
40.0,52.0,1.0,1.0,4,59,157
57.0,21.0,1.0,1.0,1,23,104
52.0,42.0,10.0,1.0,1,3,109
21.0,45.0,26.0,1.0,5,8,106
101.0,25.0,10.0,9.0,2,23,170
48.0,197.0,1.0,1.0,3,19,269
49.0,32.0,1.0,1.0,35,4,122
28.0,28.0,1.0,1.0,3,30,91
33.0,29.0,1.0,1.0,30,9,103
23.0,50.0,1.0,1.0,4,9,88
35.0,59.0,1.0,7.0,19,3,124
,81.0,1.0,1.0,2,6,91
54.0,21.0,1.0,1.0,6,3,86
29.0,42.0,5.0,10.0,1,2,89
45.0,26.0,1.0,1.0,76,9,158
,23.0,1.0,1.0,9,10,44
80.0,70.0,34.0,6.0,1,2,193
38.0,29.0,1.0,1.0,19,154,242
31.0,53.0,3.0,1.0,2,5,95
27.0,62.0,1.0,1.0,12,87,190
122.0,61.0,1.0,1.0,4,5,194
25.0,18.0,19.0,12.0,4,2,80
47.0,48.0,1.0,1.0,6,46,149
42.0,29.0,1.0,1.0,6,5,84
36.0,24.0,1.0,1.0,1,54,117
172.0,133.0,1.0,1.0,5,20,332
,,1.0,1.0,2,2,6
44.0,65.0,1.0,1.0,24,3,138
16.0,53.0,1.0,1.0,4,3,78
50.0,53.0,1.0,19.0,2,20,145
15.0,22.0,,1.0,3,3,44
17.0,32.0,1.0,4.0,14,1,69
,28.0,1.0,1.0,13,17,60
36.0,65.0,1.0,1.0,3,4,110
54.0,115.0,1.0,1.0,205,2,378
73.0,28.0,1.0,1.0,14,87,204
46.0,55.0,1.0,9.0,29,2,142
25.0,25.0,1.0,1.0,30,27,109
44.0,101.0,1.0,10.0,7,9,172
49.0,103.0,10.0,1.0,3,3,169
89.0,19.0,1.0,1.0,11,13,134
36.0,61.0,6.0,1.0,5,3,112
27.0,25.0,1.0,1.0,28,11,93
33.0,77.0,10.0,5.0,2,7,134
26.0,73.0,1.0,1.0,8,5,114
,14.0,1.0,1.0,7,12,35
19.0,26.0,1.0,1.0,157,21,225
41.0,,1.0,1.0,4,32,79
118.0,73.0,1.0,1.0,2,3,198
32.0,53.0,1.0,1.0,19,7,113
42.0,40.0,1.0,1.0,3,7,94
44.0,193.0,16.0,1.0,5,3,262
31.0,54.0,1.0,1.0,23,205,315
99.0,22.0,1.0,1.0,7,17,147
169.0,30.0,20.0,1.0,3,37,260
40.0,21.0,1.0,1.0,85,12,160
13.0,26.0,9.0,1.0,2,2,53
109.0,25.0,4.0,1.0,6,27,172
40.0,145.0,1.0,1.0,5,25,217
46.0,53.0,1.0,1.0,4,9,114
38.0,22.0,1.0,7.0,116,2,186
26.0,30.0,1.0,1.0,2,3,63
25.0,38.0,1.0,1.0,7,13,85
16.0,,1.0,1.0,3,8,29
38.0,118.0,1.0,5.0,6,5,173
22.0,71.0,53.0,10.0,2,3,161
25.0,46.0,11.0,1.0,2,2,87
21.0,55.0,1.0,1.0,18,4,100
24.0,28.0,1.0,1.0,75,148,277
49.0,38.0,1.0,1.0,2,70,161
27.0,29.0,1.0,1.0,3,11,72
50.0,21.0,1.0,26.0,3,5,106
51.0,43.0,1.0,10.0,11,3,119
49.0,21.0,4.0,1.0,3,3,81
33.0,31.0,1.0,1.0,5,9,80
33.0,11.0,1.0,1.0,11,6,63
17.0,37.0,6.0,1.0,31,3,95
,39.0,1.0,1.0,4,12,57
19.0,38.0,1.0,1.0,2,2,63
11.0,11.0,1.0,11.0,3,7,44
60.0,31.0,1.0,,2,3,97
46.0,48.0,1.0,1.0,3,3,102
41.0,38.0,1.0,1.0,7,13,101
13.0,66.0,1.0,1.0,3,2,86
40.0,49.0,1.0,1.0,2,46,139
41.0,42.0,1.0,7.0,3,1,95
35.0,16.0,1.0,6.0,2,5,65
56.0,44.0,1.0,1.0,16,6,124
41.0,64.0,1.0,10.0,1,45,162
26.0,43.0,1.0,1.0,1,11,83
32.0,14.0,1.0,10.0,5,1,63
28.0,26.0,1.0,12.0,6,3,76
29.0,15.0,1.0,1.0,11,17,74
41.0,40.0,1.0,1.0,19,22,124
42.0,152.0,1.0,1.0,3,7,206
57.0,81.0,6.0,1.0,3,3,151
,46.0,1.0,1.0,6,21,75
40.0,43.0,1.0,1.0,68,1,154
32.0,31.0,7.0,1.0,25,21,117
77.0,76.0,1.0,25.0,7,3,189
21.0,8.0,1.0,9.0,53,1,93
21.0,35.0,1.0,1.0,7,7,72
58.0,27.0,1.0,1.0,7,11,105
50.0,,1.0,6.0,9,2,68
34.0,43.0,1.0,1.0,3,3,85
38.0,46.0,1.0,19.0,35,42,181
95.0,70.0,1.0,1.0,2,1,170
47.0,44.0,1.0,1.0,3,31,127
37.0,19.0,1.0,1.0,3,5,66
17.0,26.0,1.0,,5,3,52
27.0,30.0,12.0,1.0,7,20,97
20.0,22.0,1.0,1.0,24,46,114
24.0,55.0,1.0,1.0,3,9,93
,,1.0,1.0,7,9,18
37.0,38.0,1.0,1.0,7,19,103
20.0,30.0,1.0,1.0,28,3,83
23.0,39.0,1.0,1.0,48,3,115
31.0,23.0,1.0,1.0,111,2,169
50.0,24.0,1.0,1.0,3,23,102
39.0,4.0,1.0,1.0,14,3,62
21.0,33.0,1.0,30.0,3,3,91
14.0,18.0,1.0,1.0,3,3,40
10.0,37.0,34.0,1.0,2,6,90
12.0,591.0,1.0,1.0,12,7,624
128.0,16.0,1.0,1.0,13,6,165
5.0,9.0,1.0,4.0,9,3,31
51.0,52.0,1.0,1.0,8,7,120
49.0,12.0,10.0,1.0,2,4,78
25.0,15.0,1.0,1.0,3,4,49
79.0,40.0,1.0,1.0,15,22,158
18.0,114.0,1.0,1.0,107,8,249
19.0,27.0,1.0,1.0,15,4,67
,28.0,1.0,1.0,2,4,36
60.0,66.0,1.0,1.0,3,22,153
23.0,48.0,1.0,1.0,13,7,93
17.0,70.0,1.0,1.0,29,10,128
51.0,99.0,5.0,30.0,2,205,392
67.0,32.0,1.0,1.0,16,10,127
33.0,22.0,1.0,1.0,3,33,93
25.0,59.0,1.0,16.0,141,6,248
34.0,42.0,1.0,1.0,2,7,87
33.0,40.0,1.0,1.0,111,17,203
43.0,27.0,1.0,1.0,38,7,117
106.0,24.0,1.0,1.0,3,17,152
53.0,38.0,1.0,1.0,7,3,103
69.0,40.0,1.0,1.0,20,2,133
12.0,41.0,2.0,1.0,3,3,62
51.0,53.0,1.0,1.0,2,3,111
35.0,57.0,1.0,1.0,4,2,100
28.0,20.0,1.0,1.0,87,90,227
209.0,11.0,4.0,11.0,7,4,246
23.0,71.0,1.0,1.0,12,2,110
41.0,49.0,1.0,19.0,4,24,138
47.0,51.0,24.0,16.0,22,3,163
42.0,28.0,1.0,1.0,3,5,80
56.0,180.0,1.0,1.0,4,3,245
20.0,,10.0,1.0,5,3,39
45.0,22.0,1.0,10.0,3,2,83
43.0,83.0,10.0,1.0,2,12,151
,,1.0,1.0,3,2,7
33.0,38.0,1.0,1.0,83,6,162
45.0,22.0,1.0,1.0,3,3,75
26.0,27.0,1.0,1.0,12,32,99
50.0,35.0,24.0,10.0,2,2,123
50.0,12.0,1.0,1.0,32,12,108
9.0,24.0,7.0,1.0,1,10,52
90.0,42.0,1.0,1.0,4,61,199
32.0,34.0,1.0,7.0,19,13,106
21.0,45.0,1.0,1.0,4,8,80
33.0,9.0,10.0,8.0,2,3,65
27.0,37.0,11.0,1.0,3,52,131
25.0,37.0,1.0,1.0,9,136,209
64.0,27.0,1.0,12.0,19,7,130
45.0,28.0,1.0,1.0,7,3,85
39.0,48.0,1.0,10.0,22,14,134
59.0,34.0,1.0,1.0,3,12,110
51.0,39.0,1.0,10.0,3,8,112
31.0,,1.0,1.0,3,4,40
11.0,29.0,10.0,1.0,2,2,55
45.0,136.0,1.0,1.0,15,10,208
15.0,42.0,1.0,1.0,15,2,76
23.0,23.0,1.0,1.0,16,3,67
75.0,26.0,1.0,1.0,76,5,184
48.0,67.0,1.0,1.0,2,2,121
21.0,50.0,1.0,1.0,29,19,121
336.0,73.0,1.0,1.0,4,4,419
10.0,26.0,1.0,1.0,5,34,77
24.0,54.0,1.0,1.0,4,7,91
37.0,44.0,1.0,1.0,9,2,94
72.0,32.0,1.0,1.0,3,3,112
89.0,28.0,1.0,1.0,94,3,216
32.0,51.0,7.0,1.0,25,35,151
21.0,91.0,1.0,8.0,162,3,286
19.0,30.0,1.0,1.0,2,116,169
35.0,80.0,1.0,8.0,3,3,130
23.0,33.0,1.0,1.0,33,11,102
104.0,16.0,10.0,7.0,3,19,159
35.0,46.0,10.0,1.0,2,3,97
63.0,47.0,1.0,1.0,1,3,116
74.0,45.0,1.0,1.0,4,6,131
21.0,27.0,1.0,12.0,162,7,230
100.0,8.0,1.0,1.0,7,158,275
50.0,54.0,24.0,4.0,2,1,135
47.0,81.0,1.0,1.0,3,6,139
12.0,25.0,1.0,1.0,4,2,45
62.0,,1.0,1.0,8,9,81
43.0,27.0,25.0,1.0,3,3,102
17.0,27.0,1.0,1.0,11,11,68
47.0,,1.0,1.0,6,4,59
16.0,17.0,1.0,1.0,4,6,45
43.0,,6.0,1.0,2,4,56
,36.0,1.0,1.0,7,5,50
,36.0,1.0,1.0,3,3,44
,49.0,1.0,1.0,47,35,133
26.0,54.0,10.0,10.0,2,2,104
24.0,30.0,1.0,2.0,28,3,88
12.0,42.0,1.0,1.0,146,7,209
25.0,26.0,1.0,1.0,3,26,82
38.0,40.0,1.0,10.0,13,5,107
121.0,13.0,3.0,1.0,5,4,147
39.0,,1.0,1.0,22,2,65
144.0,15.0,1.0,1.0,5,17,183
31.0,19.0,1.0,1.0,7,5,64
46.0,45.0,1.0,1.0,9,8,110
34.0,12.0,10.0,1.0,2,3,62
41.0,44.0,1.0,1.0,111,4,202
27.0,20.0,1.0,1.0,2,3,54
25.0,54.0,10.0,1.0,2,2,94
,24.0,13.0,1.0,1,8,47
36.0,,4.0,1.0,1,21,63
48.0,54.0,1.0,1.0,2,1,107
27.0,19.0,1.0,1.0,86,4,138
71.0,26.0,7.0,1.0,1,3,109
74.0,40.0,1.0,2.0,4,3,124
34.0,56.0,1.0,16.0,19,3,129
38.0,74.0,1.0,1.0,6,19,139
64.0,,1.0,1.0,41,2,109
179.0,27.0,1.0,1.0,5,11,224
,22.0,1.0,13.0,19,3,58
9.0,31.0,9.0,1.0,2,3,55
67.0,22.0,1.0,10.0,4,2,106
29.0,17.0,1.0,7.0,69,12,135
48.0,29.0,1.0,1.0,10,44,133
42.0,53.0,1.0,1.0,61,46,204
32.0,,1.0,1.0,3,15,52
37.0,38.0,1.0,1.0,4,8,89
19.0,23.0,10.0,26.0,8,1,87
32.0,52.0,10.0,1.0,10,59,164
10.0,,1.0,1.0,362,4,378
34.0,31.0,1.0,10.0,3,2,81
26.0,49.0,5.0,1.0,6,29,116
39.0,44.0,1.0,1.0,8,3,96
45.0,,1.0,1.0,12,11,70
66.0,34.0,1.0,1.0,4,2,108
60.0,15.0,1.0,24.0,40,1,141
26.0,46.0,6.0,1.0,6,10,95
108.0,37.0,1.0,1.0,4,34,185
